Left_2D,Right_2D,3D_Point,Pred_left,Pred_right,Pred_3d
"(190.0, 436.0)","(1090.0, 440.0)","(560.5978393554688, -538.921630859375, 288.1128845214844)","(195.47, 438.38)","(1083.89, 439.43)","(561.176636,-537.434998,288.619781)"
"(190.0, 437.0)","(1089.0, 441.0)","(560.5358276367188, -538.656494140625, 288.1053771972656)","(196.11, 438.35)","(1083.53, 439.4)","(561.278992,-537.325928,288.673004)"
"(192.0, 437.0)","(1088.0, 440.0)","(560.8514404296875, -538.3824462890625, 288.3187255859375)","(196.59, 438.73)","(1082.96, 439.59)","(561.337891,-537.161987,288.722260)"
"(192.0, 437.0)","(1087.0, 439.0)","(560.6948852539062, -538.3272705078125, 288.2871398925781)","(197.2, 438.81)","(1082.31, 439.8)","(561.406494,-536.996826,288.754791)"
"(194.0, 436.0)","(1086.0, 439.0)","(561.0009765625, -538.0680541992188, 288.37799072265625)","(198.06, 438.63)","(1081.36, 439.69)","(561.476501,-536.809814,288.785767)"
"(195.0, 437.0)","(1085.0, 440.0)","(561.173583984375, -537.6932373046875, 288.4921875)","(198.84, 438.33)","(1080.83, 439.4)","(561.572327,-536.703430,288.829407)"
"(196.0, 436.0)","(1084.0, 438.0)","(561.1871948242188, -537.6737060546875, 288.5263977050781)","(200.08, 438.48)","(1080.28, 439.46)","(561.799988,-536.485474,288.956299)"
"(197.0, 438.0)","(1083.0, 438.0)","(561.3679809570312, -537.2839965820312, 288.762451171875)","(201.41, 438.92)","(1078.53, 439.27)","(561.896851,-536.106018,289.050018)"
"(197.0, 438.0)","(1082.0, 438.0)","(561.2391357421875, -537.16357421875, 288.69769287109375)","(202.69, 439.38)","(1076.77, 439.16)","(561.983093,-535.723999,289.135773)"
"(198.0, 438.0)","(1081.0, 440.0)","(561.4014282226562, -536.802978515625, 288.68865966796875)","(203.63, 439.43)","(1076.19, 438.93)","(562.123657,-535.562012,289.224426)"
"(199.0, 438.0)","(1081.0, 439.0)","(561.6085815429688, -536.7588500976562, 288.8438720703125)","(203.92, 438.98)","(1075.8, 438.95)","(562.125427,-535.517883,289.193726)"
"(202.0, 437.0)","(1079.0, 440.0)","(562.04638671875, -536.2037353515625, 288.9575500488281)","(204.79, 439.1)","(1074.72, 438.68)","(562.186157,-535.300293,289.248779)"
"(202.0, 438.0)","(1079.0, 439.0)","(562.0550537109375, -536.189208984375, 289.0797119140625)","(204.85, 438.84)","(1073.24, 438.44)","(561.992065,-535.151611,289.144409)"
"(201.0, 438.0)","(1080.0, 439.0)","(561.9495239257812, -536.4193115234375, 289.0228576660156)","(204.91, 438.59)","(1072.94, 438.18)","(561.950928,-535.145874,289.118683)"
"(202.0, 437.0)","(1075.0, 440.0)","(561.52880859375, -535.7213134765625, 288.69732666015625)","(205.45, 438.3)","(1071.45, 437.84)","(561.864197,-534.952271,289.072723)"
"(202.0, 437.0)","(1075.0, 439.0)","(561.5010986328125, -535.786865234375, 288.73065185546875)","(205.67, 438.14)","(1068.17, 437.14)","(561.464966,-534.591187,288.894623)"
"(205.0, 435.0)","(1073.0, 439.0)","(561.8727416992188, -535.376708984375, 288.7878112792969)","(205.97, 437.97)","(1067.94, 437.07)","(561.497192,-534.548706,288.903320)"
"(202.0, 437.0)","(1071.0, 439.0)","(560.9835815429688, -535.304443359375, 288.470458984375)","(206.08, 437.82)","(1066.73, 436.55)","(561.346252,-534.436890,288.841797)"
"(202.0, 437.0)","(1071.0, 438.0)","(560.9559326171875, -535.3701171875, 288.5037841796875)","(206.29, 437.75)","(1065.74, 436.48)","(561.262451,-534.304565,288.798828)"
"(202.0, 437.0)","(1069.0, 439.0)","(560.7247924804688, -535.063232421875, 288.34033203125)","(206.82, 437.41)","(1064.57, 436.53)","(561.223328,-534.129089,288.754852)"
"(204.0, 438.0)","(1068.0, 438.0)","(561.0712890625, -534.7086181640625, 288.6397705078125)","(207.09, 437.13)","(1063.05, 436.66)","(561.082581,-533.929932,288.659241)"
"(204.0, 438.0)","(1071.0, 442.0)","(561.5704956054688, -534.8078002929688, 288.70147705078125)","(207.03, 434.4)","(1061.17, 436.86)","(560.732849,-533.915527,288.281464)"
"(204.0, 438.0)","(1065.0, 438.0)","(560.6824340820312, -534.3467407226562, 288.4442138671875)","(208.96, 435.08)","(1059.67, 436.23)","(560.994690,-533.509216,288.498138)"
"(217.0, 440.0)","(1065.0, 437.0)","(563.7583618164062, -532.8252563476562, 290.2281494140625)","(209.42, 435.01)","(1058.49, 435.98)","(560.939148,-533.338318,288.478882)"
"(222.0, 442.0)","(1062.0, 437.0)","(564.5987548828125, -531.7538452148438, 290.80987548828125)","(208.38, 434.65)","(1056.83, 436.14)","(560.473206,-533.270813,288.207733)"
"(226.0, 440.0)","(1051.0, 437.0)","(564.0079345703125, -530.1407470703125, 290.3865661621094)","(232.64, 441.82)","(1046.72, 435.23)","(564.992188,-528.863647,291.118225)"
"(228.0, 440.0)","(1049.0, 436.0)","(564.1802368164062, -529.7448120117188, 290.5283203125)","(234.37, 442.07)","(1043.96, 434.86)","(565.023682,-528.343018,291.175507)"
"(230.0, 439.0)","(1048.0, 437.0)","(564.5030517578125, -529.4166870117188, 290.5802001953125)","(237.05, 441.95)","(1042.61, 434.48)","(565.448303,-527.918945,291.408783)"
"(233.0, 440.0)","(1055.0, 436.0)","(566.1332397460938, -529.9226684570312, 291.52972412109375)","(239.37, 442.27)","(1040.75, 434.3)","(565.740967,-527.424072,291.595490)"
"(234.0, 440.0)","(1048.0, 435.0)","(565.4091186523438, -529.02978515625, 291.21661376953125)","(240.32, 443.62)","(1040.01, 434.25)","(565.904236,-527.125305,291.777893)"
"(235.0, 440.0)","(1044.0, 435.0)","(565.1087646484375, -528.434326171875, 291.0690002441406)","(240.91, 443.37)","(1039.05, 434.26)","(565.903809,-526.962952,291.761810)"
"(236.0, 440.0)","(1042.0, 436.0)","(565.0996704101562, -528.0145874023438, 291.0201416015625)","(241.96, 442.5)","(1037.13, 434.48)","(565.865845,-526.668518,291.675018)"
"(238.0, 441.0)","(1040.0, 435.0)","(565.301513671875, -527.5383911132812, 291.2468566894531)","(244.7, 444.9)","(1036.57, 434.27)","(566.493652,-526.121338,292.178680)"
"(240.0, 441.0)","(1039.0, 435.0)","(565.6287841796875, -527.1965942382812, 291.4188232421875)","(246.39, 442.76)","(1033.9, 433.36)","(566.430847,-525.841980,292.047424)"
"(244.0, 442.0)","(1040.0, 435.0)","(566.7161254882812, -526.7975463867188, 292.05072021484375)","(249.44, 444.96)","(1031.72, 433.22)","(566.905273,-525.074707,292.457458)"
"(246.0, 442.0)","(1031.0, 435.0)","(565.969970703125, -525.4828491210938, 291.6817626953125)","(252.41, 445.81)","(1026.53, 432.59)","(566.897644,-524.090393,292.553497)"
"(248.0, 442.0)","(1030.0, 435.0)","(566.294189453125, -525.1405639648438, 291.8522033691406)","(255.14, 445.88)","(1025.39, 432.64)","(567.371216,-523.641357,292.804230)"
"(250.0, 442.0)","(1029.0, 435.0)","(566.6179809570312, -524.798095703125, 292.0223693847656)","(256.18, 445.5)","(1024.56, 432.69)","(567.486023,-523.452393,292.836792)"
"(250.0, 442.0)","(1027.0, 434.0)","(566.3237915039062, -524.622314453125, 291.9223327636719)","(257.14, 446.35)","(1022.9, 432.88)","(567.512268,-523.063782,292.903229)"
"(254.0, 443.0)","(1025.0, 434.0)","(567.0011596679688, -523.857421875, 292.3473815917969)","(259.84, 446.13)","(1020.51, 432.51)","(567.788208,-522.517029,293.054291)"
"(253.0, 442.0)","(1025.0, 433.0)","(566.715576171875, -524.1151123046875, 292.17852783203125)","(260.15, 445.66)","(1019.41, 432.42)","(567.692993,-522.392273,292.979004)"
"(256.0, 443.0)","(1023.0, 434.0)","(567.1881103515625, -523.3930053710938, 292.4485778808594)","(261.93, 446.75)","(1018.56, 432.04)","(568.007568,-522.031128,293.237946)"
"(258.0, 443.0)","(1025.0, 433.0)","(567.8902587890625, -523.4830932617188, 292.8577880859375)","(263.31, 446.53)","(1016.74, 431.71)","(568.059570,-521.696777,293.269623)"
"(260.0, 443.0)","(1021.0, 432.0)","(567.780517578125, -522.8427734375, 292.85784912109375)","(264.51, 446.35)","(1015.95, 431.6)","(568.216919,-521.489624,293.345917)"
"(260.0, 443.0)","(1019.0, 433.0)","(567.5347290039062, -522.5316162109375, 292.685546875)","(266.08, 446.66)","(1013.53, 431.54)","(568.252747,-521.000610,293.393738)"
"(262.0, 444.0)","(1021.0, 432.0)","(568.2681274414062, -522.5421142578125, 293.1802673339844)","(267.59, 446.82)","(1012.29, 431.41)","(568.428467,-520.678528,293.504944)"
"(262.0, 444.0)","(1017.0, 433.0)","(567.7503662109375, -521.9872436523438, 292.8707580566406)","(268.17, 446.68)","(1011.76, 430.97)","(568.472839,-520.590820,293.540985)"
"(264.0, 444.0)","(1015.0, 432.0)","(567.9093017578125, -521.5902709960938, 293.0062561035156)","(269.66, 447.03)","(1010.29, 431.07)","(568.623535,-520.212158,293.641510)"
"(264.0, 444.0)","(1018.0, 436.0)","(568.4159545898438, -521.6842651367188, 293.0675964355469)","(270.8, 447.24)","(1008.62, 430.84)","(568.654785,-519.881409,293.686890)"
"(266.0, 444.0)","(1013.0, 431.0)","(568.067626953125, -521.193359375, 293.1414489746094)","(272.93, 447.25)","(1007.64, 430.6)","(568.997986,-519.541748,293.879608)"
"(268.0, 444.0)","(1011.0, 431.0)","(568.2498168945312, -520.7283935546875, 293.2402648925781)","(274.45, 447.42)","(1006.37, 430.48)","(569.170593,-519.213196,293.989471)"
"(268.0, 444.0)","(1011.0, 431.0)","(568.2498168945312, -520.7283935546875, 293.2402648925781)","(275.83, 447.7)","(1004.96, 430.54)","(569.299561,-518.862122,294.075714)"
"(270.0, 444.0)","(1007.0, 431.0)","(568.1585083007812, -520.019775390625, 293.2011413574219)","(276.68, 447.61)","(1003.08, 429.91)","(569.216187,-518.588928,294.060944)"
"(274.0, 445.0)","(1005.0, 431.0)","(568.8213500976562, -519.253173828125, 293.61859130859375)","(280.55, 447.92)","(999.68, 429.07)","(569.612488,-517.778137,294.336456)"
"(278.0, 446.0)","(1001.0, 430.0)","(569.1836547851562, -518.3109741210938, 293.93304443359375)","(283.84, 448.22)","(996.43, 429.22)","(569.919434,-516.982849,294.515808)"
"(280.0, 446.0)","(1000.0, 429.0)","(569.47412109375, -518.03564453125, 294.1351318359375)","(286.93, 448.56)","(993.01, 428.23)","(570.129822,-516.263733,294.704346)"
"(282.0, 446.0)","(996.0, 430.0)","(569.3994140625, -517.2576904296875, 294.0554504394531)","(288.45, 448.24)","(991.8, 428.39)","(570.299011,-515.961792,294.764832)"
"(284.0, 446.0)","(993.0, 430.0)","(569.43701171875, -516.6697998046875, 294.0811767578125)","(291.75, 448.73)","(987.61, 427.68)","(570.457886,-515.094116,294.924744)"
"(287.0, 447.0)","(991.0, 429.0)","(569.84130859375, -516.0819702148438, 294.41339111328125)","(294.15, 449.34)","(985.3, 427.18)","(570.681458,-514.531555,295.112274)"
"(292.0, 448.0)","(992.0, 428.0)","(571.10888671875, -515.6380615234375, 295.1881103515625)","(296.22, 448.87)","(983.34, 427.22)","(570.860901,-514.096985,295.175293)"
"(292.0, 447.0)","(986.0, 429.0)","(570.2727661132812, -514.9165649414062, 294.64788818359375)","(298.04, 449.1)","(980.83, 427.22)","(570.925720,-513.570068,295.229950)"
"(294.0, 448.0)","(985.0, 429.0)","(570.6107177734375, -514.49267578125, 294.89422607421875)","(299.28, 449.4)","(979.69, 426.88)","(571.044861,-513.292603,295.331635)"
"(294.0, 448.0)","(994.0, 428.0)","(571.836181640625, -515.6603393554688, 295.56201171875)","(300.63, 449.74)","(979.32, 426.78)","(571.302124,-513.077209,295.494385)"
"(296.0, 448.0)","(982.0, 428.0)","(570.6192016601562, -513.9732055664062, 294.9541931152344)","(302.41, 450.07)","(977.37, 426.15)","(571.422546,-512.658569,295.614838)"
"(296.0, 448.0)","(981.0, 429.0)","(570.5032958984375, -513.7821044921875, 294.84661865234375)","(303.13, 450.05)","(976.49, 426.09)","(571.458557,-512.476807,295.636993)"
"(298.0, 448.0)","(979.0, 428.0)","(570.649658203125, -513.3846435546875, 294.9762268066406)","(305.09, 451.88)","(975.91, 426.23)","(571.867859,-512.033081,295.969330)"
"(298.0, 448.0)","(979.0, 427.0)","(570.626708984375, -513.4537963867188, 295.0137634277344)","(306.39, 451.78)","(974.14, 425.99)","(571.901917,-511.696838,295.995697)"
"(302.0, 449.0)","(977.0, 427.0)","(571.2693481445312, -512.6851806640625, 295.4205017089844)","(307.82, 452.29)","(972.8, 425.27)","(572.030457,-511.383514,296.135925)"
"(302.0, 449.0)","(977.0, 427.0)","(571.2693481445312, -512.6851806640625, 295.4205017089844)","(308.77, 452.79)","(971.87, 425.09)","(572.121033,-511.137054,296.228058)"
"(304.0, 449.0)","(974.0, 427.0)","(571.2969360351562, -512.0963745117188, 295.4410705566406)","(310.06, 452.6)","(969.47, 424.89)","(572.061951,-510.729279,296.199188)"
"(306.0, 450.0)","(973.0, 427.0)","(571.6300659179688, -511.6721496582031, 295.68475341796875)","(310.92, 452.55)","(968.89, 424.9)","(572.170593,-510.565918,296.252960)"
"(306.0, 450.0)","(972.0, 426.0)","(571.4677734375, -511.6194152832031, 295.6520690917969)","(312.69, 452.86)","(967.4, 424.84)","(572.361511,-510.166412,296.379425)"
"(308.0, 450.0)","(970.0, 427.0)","(571.655517578125, -511.0830993652344, 295.7041320800781)","(314.88, 453.28)","(964.91, 424.65)","(572.504211,-509.598175,296.496887)"
"(308.0, 450.0)","(970.0, 425.0)","(571.6107788085938, -511.2219543457031, 295.7801208496094)","(315.86, 453.49)","(964.35, 424.69)","(572.649109,-509.401184,296.585724)"
"(310.0, 450.0)","(982.0, 427.0)","(573.7841186523438, -512.3271484375, 296.7860107421875)","(317.07, 454.17)","(963.65, 424.95)","(572.842285,-509.108856,296.721039)"
"(312.0, 450.0)","(968.0, 425.0)","(572.2199096679688, -510.5321960449219, 296.10107421875)","(318.48, 454.32)","(961.8, 424.3)","(572.883362,-508.759125,296.788818)"
"(314.0, 451.0)","(965.0, 426.0)","(572.2913818359375, -509.7939758300781, 296.1630859375)","(319.7, 454.06)","(960.75, 424.03)","(572.992615,-508.534210,296.843506)"
"(316.0, 451.0)","(967.0, 425.0)","(572.99462890625, -509.8850402832031, 296.57440185546875)","(320.53, 454.1)","(959.02, 423.87)","(572.929382,-508.238220,296.824890)"
"(316.0, 451.0)","(963.0, 425.0)","(572.4315185546875, -509.3963928222656, 296.28985595703125)","(322.52, 454.47)","(957.42, 423.76)","(573.150330,-507.799194,296.973785)"
"(318.0, 452.0)","(961.0, 425.0)","(572.6190795898438, -508.8497314453125, 296.4598388671875)","(323.9, 454.81)","(955.83, 423.43)","(573.231689,-507.447113,297.058990)"
"(320.0, 452.0)","(959.0, 425.0)","(572.7796630859375, -508.38226318359375, 296.5473937988281)","(324.82, 455.0)","(954.77, 423.16)","(573.283630,-507.218719,297.114594)"
"(320.0, 452.0)","(961.0, 424.0)","(573.0401000976562, -508.6964111328125, 296.7286376953125)","(325.64, 455.22)","(953.29, 422.96)","(573.256104,-506.942963,297.128265)"
"(320.0, 452.0)","(966.0, 425.0)","(573.76806640625, -509.2378845214844, 297.0470275878906)","(327.72, 455.36)","(952.32, 422.67)","(573.574402,-506.601501,297.319885)"
"(322.0, 452.0)","(955.0, 424.0)","(572.6351928710938, -507.7403564453125, 296.5303955078125)","(329.87, 455.44)","(951.55, 422.82)","(573.944031,-506.250580,297.511688)"
"(326.0, 453.0)","(955.0, 423.0)","(573.5222778320312, -507.2845764160156, 297.1099548339844)","(331.67, 455.8)","(949.09, 422.61)","(573.994995,-505.735138,297.578247)"
"(328.0, 453.0)","(957.0, 428.0)","(574.3555297851562, -506.9561462402344, 297.2889404296875)","(332.88, 456.18)","(947.65, 421.98)","(574.052185,-505.438141,297.668365)"
"(328.0, 453.0)","(951.0, 423.0)","(573.3963012695312, -506.572509765625, 297.052734375)","(333.75, 456.14)","(945.87, 421.49)","(573.978516,-505.160889,297.655518)"
"(330.0, 454.0)","(951.0, 422.0)","(573.8408813476562, -506.340087890625, 297.40216064453125)","(335.53, 456.27)","(945.2, 421.38)","(574.274902,-504.877563,297.825470)"
"(332.0, 454.0)","(946.0, 422.0)","(573.5702514648438, -505.5057067871094, 297.27166748046875)","(338.28, 456.66)","(940.59, 421.12)","(574.224121,-503.994171,297.848053)"
"(334.0, 454.0)","(944.0, 421.0)","(573.7039794921875, -505.1080322265625, 297.3954772949219)","(340.15, 456.7)","(937.89, 420.13)","(574.228088,-503.521545,297.908081)"
"(338.0, 455.0)","(941.0, 422.0)","(574.1992797851562, -504.1448059082031, 297.67730712890625)","(343.1, 458.98)","(936.74, 419.98)","(574.760315,-502.881775,298.349731)"
"(338.0, 455.0)","(941.0, 421.0)","(574.1784057617188, -504.2151794433594, 297.7166442871094)","(343.93, 459.14)","(936.23, 419.91)","(574.870972,-502.718903,298.422760)"
"(340.0, 455.0)","(939.0, 421.0)","(574.3309936523438, -503.7471008300781, 297.8001403808594)","(345.43, 459.29)","(934.87, 420.26)","(575.014221,-502.348297,298.492615)"
"(342.0, 456.0)","(939.0, 421.0)","(574.7930908203125, -503.4443359375, 298.1086120605469)","(346.95, 459.47)","(933.18, 420.08)","(575.103760,-501.970093,298.563934)"
"(342.0, 456.0)","(937.0, 421.0)","(574.5066528320312, -503.1998291015625, 297.9636535644531)","(347.7, 457.68)","(931.95, 419.57)","(575.038086,-501.912872,298.436646)"
"(342.0, 456.0)","(937.0, 420.0)","(574.4860229492188, -503.27032470703125, 298.003173828125)","(349.09, 457.94)","(930.86, 419.19)","(575.182922,-501.630310,298.551025)"
"(344.0, 456.0)","(934.0, 421.0)","(574.5140380859375, -502.6092834472656, 297.97369384765625)","(350.91, 460.05)","(929.16, 418.92)","(575.378479,-501.071472,298.812897)"
"(344.0, 456.0)","(933.0, 421.0)","(574.37060546875, -502.487060546875, 297.9011535644531)","(352.42, 460.43)","(928.32, 418.66)","(575.589722,-500.788177,298.963440)"
"(348.0, 457.0)","(931.0, 420.0)","(574.959716796875, -501.786376953125, 298.33001708984375)","(353.37, 460.34)","(927.66, 418.76)","(575.701233,-500.601135,299.011688)"
"(347.0, 457.0)","(942.0, 421.0)","(576.3436279296875, -503.17352294921875, 298.97723388671875)","(354.73, 460.4)","(925.62, 418.16)","(575.691895,-500.237061,299.045349)"
"(350.0, 457.0)","(947.0, 423.0)","(577.7642822265625, -503.3101501464844, 299.6052551269531)","(356.34, 461.49)","(925.07, 418.14)","(575.986816,-499.905121,299.274780)"
"(352.0, 458.0)","(922.0, 415.0)","(574.4583740234375, -500.51361083984375, 298.4072570800781)","(357.88, 461.82)","(923.87, 417.65)","(576.145508,-499.594666,299.406952)"
"(352.0, 458.0)","(920.0, 417.0)","(574.2101440429688, -500.1275634765625, 298.18145751953125)","(359.18, 461.63)","(921.32, 417.28)","(576.046692,-499.178284,299.366547)"
"(354.0, 458.0)","(917.0, 415.0)","(574.1721801757812, -499.678955078125, 298.26873779296875)","(360.03, 461.53)","(920.23, 417.16)","(576.068420,-498.966064,299.379425)"
"(354.0, 458.0)","(913.0, 417.0)","(573.6351318359375, -499.048583984375, 297.89666748046875)","(361.7, 461.84)","(919.27, 417.24)","(576.299744,-498.631378,299.518707)"
"(356.0, 458.0)","(915.0, 415.0)","(574.3170166015625, -499.21044921875, 298.348388671875)","(363.25, 462.34)","(917.3, 416.95)","(576.354797,-498.197968,299.599884)"
"(357.0, 458.0)","(917.0, 415.0)","(574.8223266601562, -499.3424987792969, 298.6073913574219)","(364.42, 462.57)","(916.49, 416.57)","(576.488037,-497.976685,299.705719)"
"(360.0, 459.0)","(919.0, 418.0)","(575.8433837890625, -498.9584655761719, 299.05120849609375)","(365.23, 462.99)","(915.41, 416.43)","(576.512695,-497.730682,299.756226)"
"(360.0, 459.0)","(912.0, 413.0)","(574.7322998046875, -498.4586486816406, 298.7396240234375)","(366.68, 463.21)","(914.32, 416.29)","(576.669678,-497.427399,299.862152)"
"(362.0, 460.0)","(912.0, 415.0)","(575.2254028320312, -498.0130310058594, 298.9632263183594)","(368.35, 462.99)","(912.42, 415.56)","(576.734802,-497.076904,299.922150)"
"(362.0, 459.0)","(909.0, 411.0)","(574.691650390625, -498.01043701171875, 298.8256530761719)","(368.91, 462.92)","(910.93, 415.5)","(576.635864,-496.841614,299.872009)"
"(364.0, 460.0)","(915.0, 417.0)","(576.1321411132812, -498.0130615234375, 299.32806396484375)","(370.69, 463.24)","(908.58, 415.31)","(576.680237,-496.342804,299.931152)"
"(364.0, 460.0)","(907.0, 411.0)","(574.8553466796875, -497.46295166015625, 298.9829406738281)","(371.89, 463.65)","(907.29, 414.93)","(576.752014,-496.045258,300.018127)"
"(366.0, 460.0)","(911.0, 417.0)","(575.9830322265625, -497.2994689941406, 299.2586975097656)","(373.71, 463.83)","(906.4, 414.98)","(577.018799,-495.714447,300.168518)"
"(370.0, 461.0)","(909.0, 415.0)","(576.5385131835938, -496.6698303222656, 299.7210998535156)","(376.39, 464.1)","(905.07, 414.86)","(577.404419,-495.238190,300.396423)"
"(372.0, 462.0)","(909.0, 415.0)","(576.9915771484375, -496.3667297363281, 300.0245666503906)","(378.66, 464.45)","(904.21, 414.75)","(577.771973,-494.858551,300.618866)"
"(372.0, 462.0)","(908.0, 415.0)","(576.8453979492188, -496.2443542480469, 299.9505310058594)","(379.23, 464.49)","(901.1, 413.99)","(577.424561,-494.465118,300.485657)"
"(374.0, 462.0)","(924.0, 419.0)","(579.6970825195312, -497.6952819824219, 301.19927978515625)","(380.15, 464.58)","(899.97, 413.44)","(577.447876,-494.255859,300.534210)"
"(375.0, 462.0)","(901.0, 415.0)","(576.4678955078125, -495.05133056640625, 299.76837158203125)","(382.1, 465.27)","(896.72, 412.47)","(577.384827,-493.654541,300.603912)"
"(380.0, 463.0)","(901.0, 414.0)","(577.5444946289062, -494.48260498046875, 300.447509765625)","(383.54, 464.79)","(897.75, 412.44)","(577.834778,-493.658600,300.805511)"
"(382.0, 463.0)","(902.0, 412.0)","(578.0841674804688, -494.5234680175781, 300.8284606933594)","(384.21, 464.47)","(898.0, 411.71)","(577.995239,-493.691254,300.904327)"
"(382.0, 461.0)","(895.0, 397.0)","(576.73974609375, -494.8992004394531, 300.76678466796875)","(386.59, 457.9)","(895.37, 412.31)","(577.995178,-493.574982,300.436249)"
"(375.0, 460.0)","(895.0, 413.0)","(575.5118408203125, -494.6188049316406, 299.24957275390625)","(386.0, 456.09)","(894.51, 415.87)","(577.770203,-493.422913,300.017761)"
"(368.0, 459.0)","(895.0, 417.0)","(574.0653076171875, -495.19866943359375, 298.2259826660156)","(388.11, 454.99)","(893.0, 416.03)","(577.980591,-493.075745,300.048279)"
"(384.0, 456.0)","(893.0, 413.0)","(577.0652465820312, -493.6768493652344, 299.7934875488281)","(389.02, 455.0)","(891.38, 416.05)","(577.937378,-492.772827,300.028931)"
"(384.0, 454.0)","(892.0, 413.0)","(576.8775024414062, -493.7124938964844, 299.5627136230469)","(390.2, 455.06)","(890.67, 416.13)","(578.087952,-492.542511,300.108917)"
"(386.0, 456.0)","(891.0, 413.0)","(577.1998291015625, -493.20721435546875, 299.86798095703125)","(391.83, 455.21)","(890.09, 416.13)","(578.354187,-492.276031,300.258881)"
"(390.0, 456.0)","(890.0, 413.0)","(577.90869140625, -492.6344299316406, 300.2395935058594)","(393.22, 455.34)","(888.53, 416.08)","(578.422729,-491.921875,300.309296)"
"(391.0, 454.0)","(888.0, 412.0)","(577.7696533203125, -492.5069580078125, 300.08721923828125)","(394.45, 455.32)","(887.38, 415.87)","(578.511292,-491.659180,300.367310)"
"(393.0, 454.0)","(884.0, 412.0)","(577.6070556640625, -491.7926330566406, 300.0115051269531)","(396.07, 455.26)","(883.06, 415.74)","(578.214417,-490.962036,300.224670)"
"(395.0, 454.0)","(884.0, 412.0)","(578.0339965820312, -491.56707763671875, 300.23394775390625)","(400.64, 455.74)","(882.33, 415.68)","(579.088623,-490.323700,300.716949)"
"(401.0, 457.0)","(881.0, 412.0)","(578.927490234375, -490.2872619628906, 300.9085998535156)","(403.33, 455.66)","(878.43, 415.29)","(579.073242,-489.577271,300.731995)"
"(402.0, 457.0)","(877.0, 414.0)","(578.5809936523438, -489.5404052734375, 300.634765625)","(406.89, 455.58)","(875.95, 415.2)","(579.457642,-488.884613,300.936890)"
"(407.0, 457.0)","(877.0, 412.0)","(579.609130859375, -489.1210021972656, 301.2726745605469)","(408.81, 455.89)","(874.09, 415.15)","(579.592834,-488.419312,301.034790)"
"(404.0, 453.0)","(875.0, 411.0)","(578.5808715820312, -489.6025085449219, 300.5226745605469)","(409.42, 456.02)","(872.0, 414.77)","(579.406189,-488.111938,300.970367)"
"(408.0, 453.0)","(873.0, 411.0)","(579.1331787109375, -488.9061279296875, 300.8150634765625)","(411.03, 455.89)","(870.17, 414.5)","(579.466980,-487.735840,301.011139)"
"(414.0, 456.0)","(870.0, 411.0)","(580.0136108398438, -487.6251525878906, 301.4828796386719)","(413.61, 455.64)","(868.53, 414.34)","(579.760742,-487.274811,301.159180)"
"(414.0, 457.0)","(869.0, 410.0)","(579.8654174804688, -487.4969177246094, 301.52630615234375)","(415.99, 455.89)","(867.76, 414.17)","(580.150818,-486.904236,301.389587)"
"(416.0, 457.0)","(867.0, 410.0)","(579.9893188476562, -487.02630615234375, 301.5953674316406)","(417.4, 455.96)","(866.1, 414.3)","(580.203430,-486.526611,301.418732)"
"(419.0, 452.0)","(867.0, 410.0)","(580.5338134765625, -487.08050537109375, 301.5424499511719)","(418.75, 455.92)","(864.21, 413.89)","(580.197510,-486.175598,301.438141)"
"(418.0, 456.0)","(866.0, 410.0)","(580.244384765625, -486.7564392089844, 301.663330078125)","(419.46, 455.83)","(862.16, 414.06)","(580.040649,-485.838959,301.346252)"
"(422.0, 456.0)","(865.0, 410.0)","(580.9400024414062, -486.1819763183594, 302.0281982421875)","(421.74, 455.61)","(860.76, 413.75)","(580.302124,-485.449463,301.486725)"
"(422.0, 458.0)","(858.0, 415.0)","(580.0039672851562, -484.80316162109375, 301.4333801269531)","(424.24, 455.78)","(859.52, 413.76)","(580.645630,-485.000671,301.679321)"
"(425.0, 454.0)","(861.0, 410.0)","(580.9362182617188, -485.5102233886719, 301.9007873535156)","(425.34, 455.78)","(858.01, 413.59)","(580.646973,-484.703705,301.692108)"
"(426.0, 454.0)","(859.0, 410.0)","(580.845947265625, -485.1523132324219, 301.8583068847656)","(427.08, 455.75)","(855.21, 413.39)","(580.586853,-484.180817,301.675354)"
"(428.0, 454.0)","(856.0, 409.0)","(580.7988891601562, -484.6319580078125, 301.8919372558594)","(429.77, 455.32)","(853.08, 413.35)","(580.822571,-483.652069,301.776154)"
"(430.0, 453.0)","(853.0, 409.0)","(580.7498168945312, -484.1170654296875, 301.8060607910156)","(432.49, 455.62)","(851.12, 413.0)","(581.096619,-483.105957,301.961426)"
"(430.0, 453.0)","(851.0, 409.0)","(580.447998046875, -483.8724060058594, 301.6533508300781)","(433.08, 455.57)","(849.51, 412.95)","(580.974915,-482.849548,301.900879)"
"(432.0, 454.0)","(851.0, 409.0)","(580.8849487304688, -483.5671691894531, 301.9483642578125)","(434.54, 455.46)","(848.51, 412.51)","(581.120667,-482.602509,301.994385)"
"(435.0, 456.0)","(849.0, 409.0)","(581.2453002929688, -482.825439453125, 302.2750549316406)","(435.58, 455.3)","(846.92, 412.44)","(581.093750,-482.307617,301.976807)"
"(435.0, 456.0)","(847.0, 409.0)","(580.9421997070312, -482.58062744140625, 302.12158203125)","(436.73, 455.24)","(846.13, 412.46)","(581.213989,-482.083801,302.036224)"
"(435.0, 454.0)","(846.0, 408.0)","(580.741943359375, -482.6888122558594, 301.93670654296875)","(437.59, 455.36)","(843.96, 412.45)","(581.066284,-481.711853,301.972687)"
"(438.0, 456.0)","(845.0, 408.0)","(581.25146484375, -482.0693359375, 302.3388977050781)","(440.39, 455.41)","(843.0, 412.41)","(581.505920,-481.275757,302.209381)"
"(441.0, 457.0)","(843.0, 408.0)","(581.5913696289062, -481.4061584472656, 302.5877380371094)","(441.44, 455.47)","(841.23, 411.71)","(581.446167,-480.986664,302.222382)"
"(440.0, 453.0)","(841.0, 407.0)","(580.9983520507812, -481.662353515625, 302.0663757324219)","(442.08, 455.4)","(839.55, 411.47)","(581.319153,-480.731476,302.167694)"
"(442.0, 454.0)","(835.0, 411.0)","(580.5806884765625, -480.32818603515625, 301.7239074707031)","(444.14, 455.08)","(836.19, 411.69)","(581.235046,-480.095184,302.098785)"
"(444.0, 456.0)","(836.0, 408.0)","(581.1358032226562, -480.28759765625, 302.2993469238281)","(449.41, 454.92)","(833.8, 410.88)","(581.952759,-479.276489,302.509460)"
"(448.0, 453.0)","(835.0, 408.0)","(581.7697143554688, -479.94671630859375, 302.4313049316406)","(451.1, 454.58)","(831.84, 410.35)","(581.991272,-478.910339,302.538727)"
"(453.0, 454.0)","(832.0, 407.0)","(582.3527221679688, -479.0071105957031, 302.8609619140625)","(451.82, 454.96)","(830.38, 410.52)","(581.925720,-478.607452,302.524536)"
"(453.0, 454.0)","(831.0, 407.0)","(582.1995849609375, -478.8847351074219, 302.783447265625)","(454.39, 452.31)","(829.65, 410.14)","(582.302002,-478.462036,302.564850)"
"(454.0, 454.0)","(829.0, 406.0)","(582.0864868164062, -478.6003112792969, 302.78076171875)","(456.22, 452.37)","(827.46, 410.11)","(582.346558,-477.983337,302.598755)"
"(456.0, 457.0)","(828.0, 406.0)","(582.3934936523438, -478.0156555175781, 303.1439208984375)","(457.37, 452.5)","(826.47, 409.81)","(582.430664,-477.743347,302.669159)"
"(457.0, 454.0)","(827.0, 406.0)","(582.4027099609375, -478.0147705078125, 302.9504699707031)","(458.28, 452.52)","(824.79, 409.38)","(582.355469,-477.464478,302.657471)"
"(457.0, 452.0)","(825.0, 406.0)","(582.0660400390625, -477.92694091796875, 302.6457214355469)","(459.01, 452.53)","(823.62, 409.13)","(582.323486,-477.255920,302.657135)"
"(458.0, 452.0)","(824.0, 406.0)","(582.1199951171875, -477.69091796875, 302.67626953125)","(460.42, 454.45)","(822.56, 409.16)","(582.480957,-476.813019,302.868439)"
"(461.0, 453.0)","(823.0, 406.0)","(582.6026611328125, -477.14892578125, 302.9973449707031)","(463.29, 452.21)","(820.69, 409.16)","(582.754272,-476.433197,302.865723)"
"(460.0, 454.0)","(821.0, 406.0)","(582.1027221679688, -476.9394836425781, 302.8082275390625)","(464.85, 452.22)","(819.6, 408.8)","(582.903870,-476.148163,302.965607)"
"(463.0, 453.0)","(820.0, 405.0)","(582.5408325195312, -476.6285400390625, 303.0239562988281)","(466.09, 452.27)","(818.06, 408.85)","(582.923889,-475.810822,302.980469)"
"(465.0, 453.0)","(818.0, 405.0)","(582.6461181640625, -476.15631103515625, 303.0837097167969)","(466.7, 452.28)","(816.54, 408.4)","(582.809082,-475.587952,302.948181)"
"(467.0, 453.0)","(817.0, 405.0)","(582.9050903320312, -475.806396484375, 303.22119140625)","(468.06, 452.24)","(816.0, 408.22)","(583.003357,-475.383484,303.057404)"
"(469.0, 454.0)","(815.0, 405.0)","(583.0230102539062, -475.25567626953125, 303.35430908203125)","(470.98, 451.97)","(814.63, 407.91)","(583.385803,-474.927551,303.258118)"
"(471.0, 451.0)","(813.0, 405.0)","(583.0845336914062, -475.0184326171875, 303.19073486328125)","(472.92, 451.93)","(811.53, 407.83)","(583.303772,-474.336060,303.224274)"
"(473.0, 452.0)","(810.0, 404.0)","(583.0323486328125, -474.4195556640625, 303.2894592285156)","(475.1, 452.06)","(809.0, 407.7)","(583.360046,-473.777374,303.275085)"
"(474.0, 452.0)","(808.0, 404.0)","(582.9282836914062, -474.0609130859375, 303.2400207519531)","(478.46, 451.82)","(806.83, 407.41)","(583.706482,-473.169220,303.459991)"
"(476.0, 451.0)","(807.0, 404.0)","(583.1710815429688, -473.7891540527344, 303.3023376464844)","(479.48, 451.79)","(804.38, 407.4)","(583.534302,-472.755951,303.374603)"
"(477.0, 452.0)","(806.0, 404.0)","(583.2347412109375, -473.47442626953125, 303.4048156738281)","(480.92, 451.69)","(804.55, 407.06)","(583.850403,-472.645844,303.550049)"
"(479.0, 454.0)","(805.0, 404.0)","(583.5166015625, -472.96759033203125, 303.6877136230469)","(482.34, 451.59)","(802.65, 407.11)","(583.844971,-472.255371,303.542542)"
"(481.0, 452.0)","(803.0, 403.0)","(583.5764770507812, -472.7262268066406, 303.6423034667969)","(483.26, 451.76)","(801.25, 406.91)","(583.814941,-471.980652,303.551971)"
"(484.0, 450.0)","(801.0, 403.0)","(583.8543701171875, -472.296142578125, 303.6586608886719)","(485.63, 451.44)","(799.22, 406.36)","(583.972229,-471.527985,303.646240)"
"(483.0, 451.0)","(800.0, 403.0)","(583.5064697265625, -472.2093811035156, 303.5464172363281)","(486.92, 451.42)","(798.54, 406.2)","(584.127747,-471.311127,303.735962)"
"(487.0, 452.0)","(798.0, 402.0)","(584.013427734375, -471.5050354003906, 303.9345397949219)","(488.25, 451.43)","(797.13, 406.06)","(584.177612,-470.996399,303.773376)"
"(492.0, 453.0)","(796.0, 402.0)","(584.7357177734375, -470.6119079589844, 304.38311767578125)","(490.59, 451.37)","(794.56, 405.68)","(584.247986,-470.447784,303.832123)"
"(492.0, 451.0)","(793.0, 402.0)","(584.2410888671875, -470.4010314941406, 303.9990539550781)","(493.59, 451.18)","(791.93, 405.11)","(584.438599,-469.840973,303.955017)"
"(496.0, 451.0)","(792.0, 402.0)","(584.9006958007812, -469.8221740722656, 304.34576416015625)","(496.02, 451.23)","(790.89, 404.45)","(584.763245,-469.481842,304.164612)"
"(499.0, 453.0)","(790.0, 401.0)","(585.2096557617188, -469.15374755859375, 304.69732666015625)","(497.42, 451.17)","(790.24, 403.48)","(584.933899,-469.320038,304.301788)"
"(496.0, 451.0)","(790.0, 401.0)","(584.5744018554688, -469.65240478515625, 304.23248291015625)","(498.42, 451.11)","(789.15, 403.2)","(584.962158,-469.098114,304.329803)"
"(499.0, 455.0)","(789.0, 401.0)","(585.0758666992188, -468.875244140625, 304.7630920410156)","(499.57, 451.22)","(788.13, 403.05)","(585.035278,-468.844574,304.385651)"
"(501.0, 452.0)","(789.0, 401.0)","(585.447998046875, -468.8811340332031, 304.7575988769531)","(501.12, 450.82)","(787.55, 402.62)","(585.249634,-468.660217,304.494720)"
"(502.0, 451.0)","(788.0, 401.0)","(585.482421875, -468.72265625, 304.7114562988281)","(503.39, 450.81)","(787.4, 401.97)","(585.680237,-468.432281,304.752991)"
"(505.0, 452.0)","(788.0, 400.0)","(586.0929565429688, -468.3773498535156, 305.1488952636719)","(504.18, 450.87)","(787.17, 401.59)","(585.800903,-468.337860,304.840363)"
"(505.0, 452.0)","(788.0, 400.0)","(586.0929565429688, -468.3773498535156, 305.1488952636719)","(505.44, 450.86)","(787.11, 401.48)","(586.046448,-468.195679,304.973724)"
"(507.0, 451.0)","(788.0, 400.0)","(586.4888305664062, -468.2270812988281, 305.28887939453125)","(507.21, 450.95)","(786.76, 401.13)","(586.348328,-467.970062,305.156433)"
"(509.0, 449.0)","(788.0, 400.0)","(586.8733520507812, -468.15484619140625, 305.35614013671875)","(508.12, 450.96)","(786.65, 400.62)","(586.510193,-467.890289,305.268433)"
"(510.0, 451.0)","(788.0, 399.0)","(587.088134765625, -467.9599304199219, 305.6539001464844)","(509.87, 450.55)","(786.58, 400.44)","(586.848511,-467.727417,305.427277)"
"(512.0, 452.0)","(788.0, 400.0)","(587.5184936523438, -467.578369140625, 305.89306640625)","(512.0, 450.55)","(786.75, 400.36)","(587.308167,-467.511078,305.670929)"
"(496.0, 456.0)","(788.0, 399.0)","(584.2954711914062, -469.16729736328125, 304.52886962890625)","(513.32, 450.61)","(786.83, 400.23)","(587.588684,-467.375244,305.827942)"
"(514.0, 452.0)","(788.0, 399.0)","(587.9142456054688, -467.4253845214844, 306.15191650390625)","(514.4, 450.56)","(786.65, 400.02)","(587.777039,-467.249603,305.934326)"
"(515.0, 449.0)","(788.0, 399.0)","(588.08447265625, -467.5450439453125, 306.0404968261719)","(517.15, 450.24)","(786.69, 400.03)","(588.339783,-466.964661,306.206116)"
"(518.0, 453.0)","(788.0, 399.0)","(588.7400512695312, -466.89111328125, 306.6497497558594)","(517.68, 450.29)","(786.41, 400.02)","(588.403564,-466.866669,306.243958)"
"(516.0, 453.0)","(788.0, 399.0)","(588.332763671875, -467.11932373046875, 306.43707275390625)","(520.08, 450.28)","(786.5, 400.09)","(588.907166,-466.599121,306.502258)"
"(518.0, 449.0)","(788.0, 399.0)","(588.6958618164062, -467.2024230957031, 306.35968017578125)","(521.76, 450.27)","(786.8, 399.87)","(589.294556,-466.461487,306.714508)"
"(520.0, 451.0)","(764.0, 400.0)","(585.3123168945312, -463.8020324707031, 304.7354736328125)","(522.91, 450.36)","(762.46, 401.78)","(585.664490,-463.195068,304.787598)"
"(523.0, 449.0)","(764.0, 399.0)","(585.8851928710938, -463.6905822753906, 304.9540710449219)","(523.6, 450.4)","(761.36, 401.43)","(585.624268,-463.004852,304.790375)"
"(525.0, 453.0)","(762.0, 400.0)","(586.0179443359375, -462.8291320800781, 305.2414245605469)","(525.55, 450.03)","(760.19, 401.34)","(585.824341,-462.673859,304.877991)"
"(525.0, 448.0)","(760.0, 398.0)","(585.6290283203125, -463.1260070800781, 304.8165283203125)","(527.7, 449.95)","(759.35, 401.31)","(586.120483,-462.333282,305.030945)"
"(528.0, 451.0)","(759.0, 398.0)","(586.1004028320312, -462.4260559082031, 305.264404296875)","(529.04, 450.01)","(757.57, 401.44)","(586.106201,-461.947144,305.025146)"
"(527.0, 451.0)","(757.0, 398.0)","(585.5801391601562, -462.2957458496094, 304.9978332519531)","(530.26, 449.97)","(754.57, 401.34)","(585.868713,-461.450653,304.911438)"
"(532.0, 451.0)","(755.0, 397.0)","(586.2515258789062, -461.554443359375, 305.406005859375)","(533.85, 449.59)","(752.06, 400.59)","(586.173096,-460.818573,305.090973)"
"(535.0, 449.0)","(752.0, 397.0)","(586.3525390625, -460.9992980957031, 305.3339538574219)","(536.83, 449.46)","(750.14, 400.34)","(586.456421,-460.270996,305.248322)"
"(535.0, 447.0)","(750.0, 397.0)","(586.013671875, -460.91046142578125, 305.0295104980469)","(538.23, 449.48)","(747.76, 400.32)","(586.352905,-459.818909,305.202789)"
"(539.0, 448.0)","(748.0, 397.0)","(586.5001831054688, -460.1289978027344, 305.355224609375)","(538.82, 449.5)","(746.59, 400.28)","(586.282043,-459.609497,305.172211)"
"(539.0, 448.0)","(742.0, 401.0)","(585.5731811523438, -459.0885314941406, 304.6770935058594)","(540.19, 449.59)","(745.97, 400.22)","(586.455383,-459.373993,305.273407)"
"(542.0, 447.0)","(746.0, 396.0)","(586.7588500976562, -459.6945495605469, 305.4816589355469)","(542.69, 449.31)","(744.27, 400.17)","(586.676392,-458.904602,305.377228)"
"(542.0, 451.0)","(744.0, 396.0)","(586.47021484375, -459.1382751464844, 305.6012268066406)","(544.19, 449.2)","(743.45, 399.9)","(586.839111,-458.661255,305.471252)"
"(547.0, 449.0)","(744.0, 396.0)","(587.449462890625, -458.7204284667969, 305.9803161621094)","(545.53, 449.15)","(741.34, 399.72)","(586.762756,-458.266785,305.442993)"
"(543.0, 448.0)","(742.0, 396.0)","(586.3218383789062, -459.0123596191406, 305.3303527832031)","(546.27, 449.1)","(739.91, 399.47)","(586.675903,-458.029755,305.411224)"
"(534.0, 450.0)","(740.0, 396.0)","(584.2273559570312, -459.64434814453125, 304.37384033203125)","(547.49, 449.15)","(738.77, 399.67)","(586.736023,-457.730865,305.438354)"
"(548.0, 448.0)","(739.0, 395.0)","(586.8228149414062, -458.1481018066406, 305.6524353027344)","(549.45, 448.97)","(737.41, 399.45)","(586.901550,-457.370270,305.527954)"
"(552.0, 448.0)","(737.0, 395.0)","(587.293701171875, -457.4442138671875, 305.9037780761719)","(551.62, 448.89)","(736.24, 399.26)","(587.139893,-456.998566,305.660156)"
"(553.0, 447.0)","(737.0, 395.0)","(587.4844970703125, -457.4071960449219, 305.93719482421875)","(552.21, 448.86)","(734.86, 399.02)","(587.030640,-456.782623,305.617401)"
"(553.0, 448.0)","(736.0, 395.0)","(587.330078125, -457.20703125, 305.9254150390625)","(553.37, 448.92)","(733.18, 398.91)","(586.987305,-456.447449,305.608917)"
"(555.0, 448.0)","(735.0, 395.0)","(587.5645141601562, -456.85498046875, 306.05059814453125)","(554.67, 448.82)","(732.33, 398.88)","(587.105591,-456.204132,305.667847)"
"(557.0, 448.0)","(732.0, 395.0)","(587.4735107421875, -456.2580871582031, 306.01104736328125)","(555.89, 448.84)","(730.37, 398.85)","(587.028259,-455.824677,305.635498)"
"(558.0, 451.0)","(730.0, 395.0)","(587.3679809570312, -455.6655578613281, 306.1593933105469)","(559.21, 448.57)","(728.08, 398.59)","(587.307373,-455.203766,305.783112)"
"(560.0, 447.0)","(727.0, 394.0)","(587.2378540039062, -455.4562683105469, 305.8878173828125)","(561.77, 448.35)","(725.7, 398.35)","(587.421082,-454.653687,305.846863)"
"(562.0, 447.0)","(725.0, 394.0)","(587.3070068359375, -454.981689453125, 305.9293212890625)","(563.77, 448.12)","(723.22, 398.07)","(587.406738,-454.159546,305.845551)"
"(565.0, 447.0)","(723.0, 394.0)","(587.5726318359375, -454.39215087890625, 306.073486328125)","(566.64, 447.79)","(721.46, 397.99)","(587.681335,-453.645782,305.976074)"
"(569.0, 448.0)","(720.0, 394.0)","(587.8766479492188, -453.487548828125, 306.3064880371094)","(569.23, 447.91)","(718.58, 397.93)","(587.719666,-452.990601,306.014740)"
"(570.0, 444.0)","(719.0, 393.0)","(587.8762817382812, -453.63812255859375, 306.09735107421875)","(571.16, 447.57)","(717.25, 397.95)","(587.878784,-452.630554,306.077911)"
"(569.0, 447.0)","(718.0, 393.0)","(587.53515625, -453.39764404296875, 306.1201477050781)","(572.74, 446.92)","(716.12, 397.47)","(587.995911,-452.397888,306.124664)"
"(571.0, 444.0)","(716.0, 393.0)","(587.5821533203125, -453.15606689453125, 305.9519348144531)","(573.37, 446.85)","(714.57, 397.53)","(587.865234,-452.136383,306.052765)"
"(575.0, 443.0)","(715.0, 393.0)","(588.1982421875, -452.65106201171875, 306.2104797363281)","(575.07, 447.05)","(712.58, 397.31)","(587.871216,-451.698639,306.085999)"
"(575.0, 444.0)","(713.0, 393.0)","(587.8761596679688, -452.3286437988281, 306.11383056640625)","(576.15, 447.19)","(711.68, 397.3)","(587.935547,-451.454041,306.131775)"
"(577.0, 447.0)","(711.0, 393.0)","(587.9575805664062, -451.6209411621094, 306.3598937988281)","(578.14, 447.56)","(708.69, 396.96)","(587.832764,-450.856567,306.128357)"
"(579.0, 443.0)","(709.0, 392.0)","(587.9904174804688, -451.5340576171875, 306.1712341308594)","(579.58, 446.9)","(706.34, 396.93)","(587.723267,-450.456543,306.035706)"
"(580.0, 445.0)","(706.0, 392.0)","(587.7039794921875, -450.8966064453125, 306.1619567871094)","(581.49, 446.64)","(704.55, 396.44)","(587.796326,-450.075684,306.087494)"
"(581.0, 444.0)","(704.0, 392.0)","(587.5648803710938, -450.614501953125, 306.02880859375)","(582.22, 447.04)","(702.91, 396.29)","(587.669312,-449.771484,306.059814)"
"(584.0, 445.0)","(703.0, 392.0)","(587.9912109375, -450.06903076171875, 306.3203430175781)","(584.69, 446.41)","(701.65, 396.6)","(587.941650,-449.357422,306.147583)"
"(587.0, 443.0)","(702.0, 392.0)","(588.4012451171875, -449.75616455078125, 306.405517578125)","(587.89, 444.85)","(700.39, 396.68)","(588.349365,-448.949036,306.257141)"
"(588.0, 444.0)","(701.0, 392.0)","(588.4362182617188, -449.4411315917969, 306.4925537109375)","(590.42, 444.14)","(698.84, 396.5)","(588.580627,-448.536652,306.345032)"
"(590.0, 440.0)","(699.0, 392.0)","(588.4756469726562, -449.2763977050781, 306.2547912597656)","(590.99, 444.29)","(697.86, 396.3)","(588.528564,-448.354919,306.340973)"
"(590.0, 443.0)","(702.0, 392.0)","(588.9867553710938, -449.41046142578125, 306.71148681640625)","(591.87, 444.33)","(699.05, 397.78)","(588.906921,-448.280762,306.459442)"
"(591.0, 444.0)","(706.0, 393.0)","(589.8560791015625, -449.6295166015625, 307.1677551269531)","(592.62, 447.12)","(697.56, 399.58)","(588.830261,-447.655792,306.510742)"
"(591.0, 449.0)","(710.0, 394.0)","(590.552001953125, -449.6552734375, 307.7969665527344)","(592.29, 449.12)","(697.11, 400.09)","(588.703918,-447.444519,306.549744)"
"(591.0, 448.0)","(712.0, 394.0)","(590.8787231445312, -449.9775390625, 307.89642333984375)","(591.54, 449.09)","(698.86, 400.08)","(588.848755,-447.748505,306.619324)"
"(588.0, 451.0)","(711.0, 394.0)","(590.14111328125, -449.96868896484375, 307.71124267578125)","(590.47, 449.12)","(699.76, 400.0)","(588.789795,-447.985962,306.592438)"
"(586.0, 447.0)","(716.0, 394.0)","(590.5548706054688, -451.1200866699219, 307.6504821777344)","(587.23, 449.02)","(704.55, 400.03)","(588.953064,-448.951508,306.657013)"
"(582.0, 448.0)","(719.0, 394.0)","(590.2700805664062, -451.8703918457031, 307.5596008300781)","(582.92, 448.85)","(705.73, 400.37)","(588.309326,-449.579132,306.288696)"
"(580.0, 451.0)","(721.0, 394.0)","(590.2244873046875, -452.113525390625, 307.7283630371094)","(581.23, 448.6)","(706.35, 400.48)","(588.081421,-449.860443,306.145905)"
"(579.0, 448.0)","(722.0, 394.0)","(590.1742553710938, -452.5828552246094, 307.5014953613281)","(580.13, 448.64)","(706.98, 400.48)","(587.971008,-450.061249,306.089233)"
"(580.0, 449.0)","(721.0, 394.0)","(590.21240234375, -452.26800537109375, 307.5901184082031)","(578.7, 449.34)","(707.69, 400.51)","(587.812927,-450.256378,306.049194)"
"(580.0, 449.0)","(721.0, 394.0)","(590.21240234375, -452.26800537109375, 307.5901184082031)","(577.88, 449.41)","(710.69, 400.59)","(588.148132,-450.706726,306.216705)"
"(576.0, 448.0)","(723.0, 395.0)","(589.7552490234375, -452.9729309082031, 307.2270202636719)","(577.4, 449.41)","(712.64, 400.54)","(588.375183,-451.004852,306.332825)"
"(576.0, 451.0)","(725.0, 395.0)","(590.1033935546875, -452.986083984375, 307.6015625)","(576.66, 449.47)","(713.69, 400.69)","(588.404724,-451.202423,306.341461)"
"(574.0, 448.0)","(725.0, 395.0)","(589.6897583007812, -453.4478454589844, 307.1874694824219)","(575.61, 449.52)","(714.36, 400.91)","(588.311218,-451.384369,306.282532)"
"(574.0, 449.0)","(728.0, 395.0)","(590.1892700195312, -453.738037109375, 307.5064392089844)","(575.01, 449.57)","(715.06, 400.94)","(588.309387,-451.533020,306.281433)"
"(574.0, 452.0)","(728.0, 395.0)","(590.2089233398438, -453.5062255859375, 307.7147216796875)","(573.5, 449.6)","(716.21, 401.0)","(588.203186,-451.840759,306.221832)"
"(564.0, 453.0)","(729.0, 396.0)","(588.412841796875, -454.62249755859375, 306.7868957519531)","(572.33, 449.6)","(719.5, 401.06)","(588.514709,-452.373901,306.372711)"
"(562.0, 453.0)","(731.0, 396.0)","(588.344482421875, -455.0970764160156, 306.74603271484375)","(570.07, 449.96)","(720.81, 400.79)","(588.285828,-452.787384,306.287872)"
"(560.0, 453.0)","(732.0, 396.0)","(588.1121826171875, -455.4490661621094, 306.6221008300781)","(566.93, 449.9)","(721.38, 400.9)","(587.762390,-453.214386,306.003418)"
"(564.0, 451.0)","(734.0, 396.0)","(589.21630859375, -455.389892578125, 307.0616455078125)","(566.5, 449.83)","(722.26, 401.25)","(587.824280,-453.350067,306.010315)"
"(557.0, 453.0)","(737.0, 396.0)","(588.3328857421875, -456.4057922363281, 306.7244873046875)","(565.65, 449.91)","(723.36, 401.43)","(587.838989,-453.562500,306.010895)"
"(556.0, 454.0)","(738.0, 396.0)","(588.3048706054688, -456.5655517578125, 306.77325439453125)","(563.88, 450.46)","(726.55, 401.62)","(588.017517,-454.099670,306.121979)"
"(554.0, 454.0)","(739.0, 396.0)","(588.0706176757812, -456.9173889160156, 306.6483459472656)","(562.94, 450.51)","(727.68, 401.63)","(588.017212,-454.341553,306.121704)"
"(554.0, 454.0)","(741.0, 397.0)","(588.40478515625, -457.08587646484375, 306.7649841308594)","(562.15, 450.42)","(728.58, 401.56)","(588.007324,-454.555023,306.112000)"
"(552.0, 454.0)","(742.0, 397.0)","(588.1697998046875, -457.4376220703125, 306.63970947265625)","(560.83, 450.52)","(729.1, 402.02)","(587.836243,-454.727203,306.003601)"
"(551.0, 454.0)","(743.0, 397.0)","(588.1333618164062, -457.6747741699219, 306.6181335449219)","(559.58, 450.53)","(730.2, 402.49)","(587.772949,-454.968658,305.943542)"
"(549.0, 454.0)","(743.0, 397.0)","(587.735595703125, -457.9040222167969, 306.41033935546875)","(558.52, 450.39)","(731.14, 402.8)","(587.718445,-455.192657,305.887115)"
"(548.0, 454.0)","(746.0, 397.0)","(588.0227661132812, -458.3861999511719, 306.552734375)","(555.51, 450.78)","(732.17, 403.22)","(587.297852,-455.602081,305.668488)"
"(547.0, 454.0)","(746.0, 397.0)","(587.8236083984375, -458.50079345703125, 306.44866943359375)","(554.31, 450.66)","(734.97, 403.22)","(587.515198,-456.092499,305.766876)"
"(545.0, 454.0)","(750.0, 397.0)","(588.0722045898438, -459.22003173828125, 306.5683288574219)","(553.12, 450.59)","(736.02, 403.01)","(587.447815,-456.379364,305.735565)"
"(544.0, 454.0)","(749.0, 398.0)","(587.720458984375, -459.13568115234375, 306.3344421386719)","(552.07, 450.55)","(737.23, 403.5)","(587.440491,-456.613770,305.700134)"
"(542.0, 454.0)","(749.0, 398.0)","(587.3214111328125, -459.36480712890625, 306.1260986328125)","(549.59, 452.51)","(737.88, 403.55)","(587.070129,-456.822296,305.631622)"
"(541.0, 454.0)","(752.0, 398.0)","(587.6060791015625, -459.84686279296875, 306.26715087890625)","(548.8, 452.59)","(739.54, 403.94)","(587.186951,-457.080353,305.673065)"
"(539.0, 454.0)","(755.0, 400.0)","(587.7098388671875, -460.29107666015625, 306.2083435058594)","(546.47, 450.9)","(743.28, 403.59)","(587.313599,-457.964172,305.636993)"
"(536.0, 454.0)","(759.0, 400.0)","(587.7534790039062, -461.1248779296875, 306.2211608886719)","(544.32, 451.23)","(745.88, 404.09)","(587.314087,-458.465637,305.626068)"
"(530.0, 455.0)","(765.0, 401.0)","(587.5328979492188, -462.393310546875, 306.1046142578125)","(538.45, 451.42)","(749.48, 404.96)","(586.735779,-459.498901,305.282013)"
"(530.0, 455.0)","(765.0, 402.0)","(587.5433959960938, -462.3174133300781, 306.0574035644531)","(537.58, 451.47)","(784.17, 400.27)","(592.108459,-464.208557,308.248779)"
"(528.0, 455.0)","(787.0, 399.0)","(590.6376342773438, -465.4722595214844, 307.776123046875)","(535.7, 451.51)","(786.55, 400.72)","(592.115234,-464.678589,308.225342)"
"(524.0, 455.0)","(760.0, 406.0)","(585.5798950195312, -462.0867919921875, 304.8345031738281)","(531.39, 453.57)","(786.62, 400.83)","(591.271851,-465.011383,307.916504)"
"(526.0, 452.0)","(762.0, 404.0)","(586.2510375976562, -462.4884033203125, 305.0869140625)","(527.98, 451.81)","(786.82, 400.97)","(590.592957,-465.551056,307.437164)"
"(516.0, 455.0)","(761.0, 408.0)","(584.1575317382812, -462.9730529785156, 303.985107421875)","(524.17, 454.14)","(787.38, 401.46)","(589.937683,-465.837067,307.223206)"
"(514.0, 456.0)","(764.0, 404.0)","(584.2001953125, -463.79547119140625, 304.2762145996094)","(521.69, 453.67)","(787.4, 401.59)","(589.432617,-466.149200,306.921478)"
"(513.0, 456.0)","(765.0, 408.0)","(584.2019653320312, -463.7288513183594, 304.0645751953125)","(520.91, 452.06)","(787.49, 401.52)","(589.269958,-466.379578,306.732819)"
"(512.0, 456.0)","(766.0, 402.0)","(584.0939331054688, -464.4207458496094, 304.32080078125)","(518.9, 454.38)","(787.62, 401.85)","(588.910706,-466.419922,306.682190)"
"(510.0, 456.0)","(770.0, 406.0)","(584.370361328125, -464.8363952636719, 304.2455749511719)","(517.54, 454.37)","(787.61, 401.97)","(588.633606,-466.565674,306.530670)"
"(474.0, 455.0)","(813.0, 410.0)","(583.8256225585938, -473.9912109375, 303.584716796875)","(472.22, 455.69)","(810.86, 409.02)","(583.123352,-473.950684,303.320465)"
"(429.0, 455.0)","(849.0, 415.0)","(580.0653686523438, -483.14398193359375, 301.2845153808594)","(423.75, 450.28)","(851.14, 414.19)","(579.192749,-484.432190,300.550385)"
"(423.0, 453.0)","(862.0, 414.0)","(580.7125244140625, -485.6457214355469, 301.5096435546875)","(421.4, 450.82)","(858.27, 415.41)","(579.798889,-485.438934,300.823517)"
"(420.0, 451.0)","(862.0, 417.0)","(580.0931396484375, -485.9237976074219, 300.8988952636719)","(417.56, 449.72)","(860.27, 415.59)","(579.272644,-486.192383,300.461731)"
"(416.0, 453.0)","(863.0, 411.0)","(579.334716796875, -486.7789306640625, 300.9429931640625)","(412.36, 449.38)","(864.03, 415.45)","(578.728027,-487.278290,300.153778)"
"(414.0, 451.0)","(867.0, 415.0)","(579.5407104492188, -487.36083984375, 300.70220947265625)","(410.41, 449.4)","(865.41, 415.62)","(578.524719,-487.653809,300.037415)"
"(413.0, 451.0)","(868.0, 414.0)","(579.4615478515625, -487.66912841796875, 300.7098083496094)","(407.31, 449.0)","(866.51, 415.76)","(578.027527,-488.160706,299.741852)"
"(411.0, 451.0)","(865.0, 417.0)","(578.6409912109375, -487.30999755859375, 300.13604736328125)","(406.49, 448.54)","(870.63, 414.96)","(578.444153,-488.851715,299.959045)"
"(409.0, 451.0)","(871.0, 414.0)","(579.0613403320312, -488.4884948730469, 300.49444580078125)","(404.41, 448.45)","(872.73, 414.91)","(578.312012,-489.354492,299.881897)"
"(407.0, 452.0)","(870.0, 414.0)","(578.5069580078125, -488.5133972167969, 300.27532958984375)","(403.57, 448.1)","(873.8, 415.42)","(578.294556,-489.570953,299.820770)"
"(406.0, 452.0)","(874.0, 418.0)","(578.9588623046875, -488.8252868652344, 300.2975769042969)","(402.61, 448.77)","(874.29, 415.89)","(578.184143,-489.652313,299.783447)"
"(398.0, 450.0)","(873.0, 418.0)","(577.0741577148438, -489.7655944824219, 299.18402099609375)","(402.35, 448.28)","(873.88, 415.79)","(578.057068,-489.677612,299.690216)"
"(396.0, 452.0)","(875.0, 418.0)","(576.9837646484375, -490.0780944824219, 299.26708984375)","(401.47, 448.23)","(875.13, 415.83)","(578.054993,-489.931000,299.680878)"
"(395.0, 452.0)","(878.0, 417.0)","(577.1968994140625, -490.63018798828125, 299.4222717285156)","(401.24, 448.55)","(876.56, 416.49)","(578.235657,-490.058655,299.759735)"
"(394.0, 452.0)","(881.0, 414.0)","(577.3738403320312, -491.3267517089844, 299.66015625)","(400.35, 448.64)","(879.8, 416.62)","(578.530273,-490.538910,299.905212)"
"(394.0, 452.0)","(879.0, 417.0)","(577.1317749023438, -490.8654479980469, 299.3861389160156)","(400.55, 448.74)","(880.95, 416.57)","(578.744446,-490.652679,300.023407)"
"(396.0, 448.0)","(881.0, 415.0)","(577.7393798828125, -491.344970703125, 299.52960205078125)","(400.68, 448.94)","(901.3, 413.9)","(581.747253,-493.306366,301.690033)"
"(392.0, 449.0)","(883.0, 411.0)","(577.1292724609375, -492.2508239746094, 299.4772644042969)","(400.13, 448.62)","(901.5, 413.78)","(581.649719,-493.426666,301.623138)"
"(391.0, 450.0)","(881.0, 419.0)","(576.783935546875, -491.4622497558594, 298.9642028808594)","(399.67, 448.64)","(901.54, 413.66)","(581.554688,-493.490326,301.580994)"
"(394.0, 448.0)","(886.0, 418.0)","(578.1038208007812, -491.9652404785156, 299.5557861328125)","(399.01, 448.69)","(883.94, 416.75)","(578.861023,-491.183319,300.064789)"
"(388.0, 450.0)","(890.0, 417.0)","(577.431884765625, -493.0455017089844, 299.3828430175781)","(397.21, 448.29)","(887.44, 416.49)","(578.981812,-491.865204,300.105896)"
"(390.0, 451.0)","(890.0, 414.0)","(577.8259887695312, -492.9570007324219, 299.80780029296875)","(395.19, 448.42)","(888.12, 416.58)","(578.654358,-492.159576,299.938049)"
"(390.0, 450.0)","(891.0, 417.0)","(578.0073852539062, -492.9421691894531, 299.68023681640625)","(394.54, 448.46)","(888.38, 416.48)","(578.552673,-492.268768,299.892273)"
"(390.0, 448.0)","(890.0, 414.0)","(577.7651977539062, -493.1943359375, 299.57293701171875)","(393.44, 448.27)","(889.1, 416.3)","(578.416382,-492.508972,299.815948)"
"(390.0, 448.0)","(892.0, 418.0)","(578.1321411132812, -493.15057373046875, 299.5569152832031)","(392.92, 448.15)","(890.29, 416.54)","(578.482483,-492.705353,299.827362)"
"(386.0, 451.0)","(890.0, 421.0)","(577.0968627929688, -492.9037780761719, 299.0730285644531)","(391.96, 448.22)","(890.82, 416.5)","(578.355652,-492.875854,299.766907)"
"(384.0, 452.0)","(892.0, 418.0)","(576.9280395507812, -493.5109558105469, 299.2005310058594)","(390.66, 448.22)","(892.21, 416.78)","(578.286865,-493.172302,299.713745)"
"(386.0, 448.0)","(893.0, 415.0)","(577.3665161132812, -493.9400329589844, 299.307861328125)","(388.1, 448.44)","(896.6, 416.71)","(578.386780,-493.985565,299.774261)"
"(385.0, 448.0)","(893.0, 418.0)","(577.20703125, -493.8369445800781, 299.0730895996094)","(387.24, 448.2)","(897.05, 417.28)","(578.273682,-494.115540,299.669220)"
"(376.0, 451.0)","(895.0, 413.0)","(575.5382690429688, -495.2174377441406, 298.6551513671875)","(384.97, 448.22)","(900.28, 416.71)","(578.249695,-494.805725,299.679657)"
"(377.0, 450.0)","(903.0, 413.0)","(576.8991088867188, -496.1607360839844, 299.27825927734375)","(383.16, 447.64)","(899.21, 417.86)","(577.712402,-494.842163,299.304840)"
"(373.0, 449.0)","(904.0, 413.0)","(576.1608276367188, -496.81219482421875, 298.8233642578125)","(378.57, 447.14)","(904.38, 416.07)","(577.435974,-496.159210,299.205658)"
"(371.0, 448.0)","(903.0, 413.0)","(575.5625, -496.9945373535156, 298.4459533691406)","(376.81, 445.5)","(920.01, 419.3)","(579.364990,-498.168396,299.899811)"
"(368.0, 448.0)","(919.0, 418.0)","(577.333251953125, -498.9294128417969, 299.0804443359375)","(378.53, 442.18)","(921.9, 419.0)","(579.936279,-498.490845,299.981323)"
"(366.0, 448.0)","(916.0, 421.0)","(576.52197265625, -498.57354736328125, 298.5137939453125)","(379.66, 442.26)","(923.36, 419.31)","(580.403870,-498.514252,300.211090)"
"(362.0, 448.0)","(917.0, 419.0)","(575.7600708007812, -499.2878723144531, 298.2157287597656)","(368.81, 445.81)","(932.69, 419.39)","(579.478333,-500.588715,299.946930)"
"(359.0, 447.0)","(920.0, 421.0)","(575.5587158203125, -499.92852783203125, 297.9358215332031)","(366.59, 445.97)","(935.04, 419.93)","(579.348633,-501.074585,299.857971)"
"(355.0, 444.0)","(923.0, 422.0)","(575.072021484375, -500.911865234375, 297.4215087890625)","(363.03, 442.21)","(936.26, 420.73)","(578.673828,-501.864197,299.206726)"
"(352.0, 446.0)","(929.0, 418.0)","(575.2467041015625, -502.106201171875, 297.8356018066406)","(362.05, 442.19)","(938.78, 420.89)","(578.826538,-502.272888,299.271088)"
"(350.0, 446.0)","(930.0, 422.0)","(575.034423828125, -502.1694641113281, 297.522705078125)","(359.55, 441.87)","(939.1, 421.12)","(578.320984,-502.601440,298.973907)"
"(350.0, 446.0)","(929.0, 421.0)","(574.8705444335938, -502.1180725097656, 297.48974609375)","(356.78, 442.05)","(939.14, 421.54)","(577.731323,-502.872833,298.658356)"
"(348.0, 445.0)","(931.0, 421.0)","(574.69677734375, -502.666259765625, 297.32666015625)","(355.24, 441.96)","(939.87, 422.02)","(577.506042,-503.108032,298.509338)"
"(348.0, 446.0)","(932.0, 423.0)","(574.9046630859375, -502.5674133300781, 297.4007263183594)","(352.67, 442.69)","(940.3, 422.16)","(577.023804,-503.380829,298.300537)"
"(348.0, 443.0)","(930.0, 419.0)","(574.4653930664062, -502.8448791503906, 297.1717834472656)","(352.23, 441.72)","(940.73, 422.4)","(576.970581,-503.542816,298.193481)"
"(345.0, 445.0)","(934.0, 424.0)","(574.5315551757812, -503.1570129394531, 297.0840759277344)","(351.61, 441.52)","(940.7, 422.49)","(576.827087,-503.618225,298.100708)"
"(344.0, 444.0)","(936.0, 423.0)","(574.5540161132812, -503.6637268066406, 297.0730895996094)","(349.58, 441.22)","(941.46, 422.74)","(576.488037,-503.944885,297.889587)"
"(344.0, 444.0)","(938.0, 426.0)","(574.9019775390625, -503.6961669921875, 297.0996398925781)","(348.4, 441.28)","(942.41, 422.73)","(576.366028,-504.189209,297.828644)"
"(340.0, 444.0)","(937.0, 424.0)","(573.8408203125, -504.1637878417969, 296.6500244140625)","(346.42, 441.53)","(941.71, 423.28)","(575.847900,-504.266846,297.550385)"
"(340.0, 442.0)","(938.0, 427.0)","(573.9969482421875, -504.2334289550781, 296.4427490234375)","(345.02, 441.43)","(942.19, 423.12)","(575.603027,-504.501678,297.423126)"
"(342.0, 441.0)","(940.0, 424.0)","(574.6343383789062, -504.5448303222656, 296.8509521484375)","(343.06, 441.11)","(949.44, 422.89)","(576.195190,-505.649170,297.704346)"
"(335.0, 443.0)","(943.0, 427.0)","(573.6355590820312, -505.3251647949219, 296.312255859375)","(344.16, 440.9)","(951.41, 423.33)","(576.723877,-505.752808,297.938477)"
"(335.0, 444.0)","(944.0, 424.0)","(573.7393798828125, -505.578857421875, 296.5818786621094)","(342.99, 440.94)","(952.81, 423.21)","(576.664001,-506.060211,297.912933)"
"(333.0, 443.0)","(948.0, 426.0)","(573.8845825195312, -506.2302551269531, 296.4805908203125)","(341.85, 440.65)","(955.1, 423.01)","(576.727661,-506.504974,297.930969)"
"(332.0, 442.0)","(940.0, 421.0)","(572.3998413085938, -505.7974853515625, 295.9063415527344)","(340.73, 440.7)","(955.87, 422.9)","(576.588684,-506.728119,297.865875)"
"(330.0, 442.0)","(950.0, 424.0)","(573.4388427734375, -507.0304870605469, 296.27545166015625)","(337.79, 440.76)","(957.6, 422.83)","(576.184326,-507.268555,297.659302)"
"(327.0, 442.0)","(948.0, 422.0)","(572.45166015625, -507.26251220703125, 295.8656921386719)","(334.89, 440.25)","(964.28, 423.14)","(576.485291,-508.428406,297.750336)"
"(310.0, 436.0)","(971.0, 426.0)","(571.83935546875, -512.167236328125, 294.8854064941406)","(316.03, 438.07)","(967.36, 428.1)","(572.776550,-510.738342,295.419678)"
"(307.0, 443.0)","(980.0, 425.0)","(572.594970703125, -513.1103515625, 295.7900085449219)","(314.01, 437.48)","(971.77, 428.44)","(572.936584,-511.525726,295.435638)"
"(306.0, 436.0)","(978.0, 425.0)","(571.8985595703125, -513.5362548828125, 294.949462890625)","(310.48, 435.89)","(973.14, 428.22)","(572.292175,-512.229248,294.999023)"
"(305.0, 436.0)","(979.0, 425.0)","(571.8137817382812, -513.7695922851562, 294.9031066894531)","(308.78, 437.68)","(975.34, 428.39)","(572.272644,-512.532532,295.098969)"
"(304.0, 438.0)","(979.0, 425.0)","(571.6455078125, -513.7211303710938, 294.9537658691406)","(307.76, 435.71)","(977.1, 428.45)","(572.237366,-513.014404,294.937927)"
"(302.0, 442.0)","(986.0, 426.0)","(572.3058471679688, -514.4094848632812, 295.50848388671875)","(307.39, 437.22)","(979.74, 427.46)","(572.542114,-513.325684,295.243317)"
"(303.0, 436.0)","(988.0, 426.0)","(572.6397094726562, -515.0208740234375, 295.2630310058594)","(304.43, 435.2)","(980.29, 428.48)","(571.922668,-513.813599,294.730591)"
"(303.0, 435.0)","(989.0, 426.0)","(572.7504272460938, -515.2228393554688, 295.2490539550781)","(303.54, 435.08)","(980.78, 429.48)","(571.810974,-513.912964,294.613983)"
"(301.0, 436.0)","(993.0, 426.0)","(572.88427734375, -515.8534545898438, 295.37890625)","(303.15, 435.03)","(982.68, 429.74)","(571.992310,-514.174194,294.687683)"
"(301.0, 435.0)","(993.0, 426.0)","(572.8556518554688, -515.933349609375, 295.2947082519531)","(302.71, 434.92)","(984.64, 430.05)","(572.170105,-514.449768,294.752899)"
"(301.0, 434.0)","(993.0, 427.0)","(572.850341796875, -515.9443969726562, 295.1735534667969)","(300.58, 434.66)","(986.56, 430.57)","(571.963135,-514.906189,294.597565)"
"(298.0, 434.0)","(993.0, 427.0)","(572.1737670898438, -516.2779541015625, 294.8219299316406)","(298.77, 434.72)","(987.81, 430.4)","(571.727417,-515.267212,294.484863)"
"(297.0, 435.0)","(997.0, 427.0)","(572.531005859375, -516.7971801757812, 295.06793212890625)","(297.53, 434.48)","(988.17, 430.62)","(571.496765,-515.453247,294.336853)"
"(296.0, 432.0)","(997.0, 425.0)","(572.1708984375, -517.2855834960938, 294.7702331542969)","(296.32, 434.13)","(989.17, 430.69)","(571.354614,-515.733093,294.233154)"
"(291.0, 440.0)","(999.0, 425.0)","(571.5502319335938, -517.4454956054688, 294.9981994628906)","(295.68, 434.1)","(991.26, 430.93)","(571.504517,-516.045105,294.292480)"
"(294.0, 435.0)","(1000.0, 425.0)","(572.2207641601562, -517.633544921875, 294.9977722167969)","(293.99, 434.02)","(993.64, 431.24)","(571.457825,-516.508606,294.242188)"
"(290.0, 434.0)","(1002.0, 426.0)","(571.5853881835938, -518.332763671875, 294.5446472167969)","(291.4, 434.29)","(994.42, 431.56)","(570.996643,-516.848145,294.003998)"
"(288.0, 434.0)","(1002.0, 425.0)","(571.1085205078125, -518.6232299804688, 294.3455505371094)","(289.55, 433.9)","(993.97, 431.84)","(570.512634,-517.011047,293.712921)"
"(289.0, 435.0)","(1005.0, 426.0)","(571.8016357421875, -518.7295532226562, 294.7197570800781)","(288.89, 433.63)","(994.87, 432.02)","(570.484009,-517.203430,293.668579)"
"(286.0, 434.0)","(999.0, 432.0)","(570.4099731445312, -518.0000610351562, 293.6475524902344)","(288.65, 433.57)","(997.55, 431.73)","(570.790344,-517.581604,293.831726)"
"(284.0, 434.0)","(999.0, 432.0)","(569.9578247070312, -518.2222900390625, 293.4127502441406)","(287.62, 433.64)","(999.08, 432.03)","(570.777344,-517.856506,293.811737)"
"(283.0, 436.0)","(999.0, 434.0)","(569.8387451171875, -518.0362548828125, 293.3914794921875)","(284.14, 433.84)","(999.53, 432.43)","(570.067749,-518.254700,293.436584)"
"(280.0, 433.0)","(1010.0, 426.0)","(570.3838500976562, -520.4965209960938, 293.8323669433594)","(283.16, 433.77)","(1000.55, 432.69)","(569.990295,-518.475708,293.376526)"
"(280.0, 433.0)","(1012.0, 427.0)","(570.6817016601562, -520.671875, 293.9339904785156)","(282.49, 433.52)","(1001.94, 432.78)","(570.023987,-518.733398,293.369293)"
"(278.0, 433.0)","(1013.0, 427.0)","(570.3629760742188, -521.0152587890625, 293.76611328125)","(280.95, 433.09)","(1002.72, 432.93)","(569.772949,-519.023743,293.200073)"
"(278.0, 434.0)","(1005.0, 435.0)","(569.4937744140625, -519.4146728515625, 293.0121154785156)","(279.69, 433.0)","(1004.4, 432.99)","(569.716187,-519.371521,293.157715)"
"(276.0, 433.0)","(1014.0, 427.0)","(570.0438842773438, -521.3585205078125, 293.5980224609375)","(277.84, 432.93)","(1007.04, 432.8)","(569.650940,-519.917114,293.122375)"
"(275.0, 434.0)","(1017.0, 427.0)","(570.2559204101562, -521.7545166015625, 293.7710876464844)","(276.18, 433.17)","(1009.06, 432.99)","(569.561829,-520.315247,293.079071)"
"(271.0, 435.0)","(1020.0, 428.0)","(569.8070678710938, -522.4144897460938, 293.55218505859375)","(272.98, 432.61)","(1010.58, 433.7)","(569.042053,-520.851929,292.732422)"
"(269.0, 434.0)","(1023.0, 428.0)","(569.7265625, -523.0807495117188, 293.4339599609375)","(270.9, 432.6)","(1014.46, 434.09)","(569.106201,-521.529358,292.737488)"
"(263.0, 430.0)","(1029.0, 428.0)","(569.0375366210938, -524.7940063476562, 292.7830810546875)","(265.64, 432.61)","(1017.46, 434.82)","(568.333008,-522.427124,292.294708)"
"(260.0, 434.0)","(1029.0, 428.0)","(568.4768676757812, -524.8049926757812, 292.77117919921875)","(264.6, 432.3)","(1019.2, 435.49)","(568.338379,-522.733521,292.239594)"
"(263.0, 432.0)","(1032.0, 429.0)","(569.5322265625, -524.9310913085938, 293.124755859375)","(262.73, 432.19)","(1024.28, 435.34)","(568.591553,-523.577942,292.359497)"
"(254.0, 436.0)","(1036.0, 429.0)","(568.1309814453125, -526.090576171875, 292.6671447753906)","(257.0, 432.11)","(1026.7, 436.0)","(567.620239,-524.468201,291.812500)"
"(248.0, 436.0)","(1039.0, 430.0)","(567.177490234375, -527.0493774414062, 292.11688232421875)","(254.56, 431.71)","(1030.78, 436.25)","(567.603394,-525.249451,291.754883)"
"(250.0, 430.0)","(1040.0, 430.0)","(567.574951171875, -527.4306640625, 291.9017333984375)","(251.29, 431.76)","(1032.09, 436.36)","(567.032837,-525.758789,291.454102)"
"(247.0, 431.0)","(1043.0, 430.0)","(567.31640625, -528.0453491210938, 291.8306884765625)","(249.11, 431.67)","(1033.14, 436.88)","(566.683044,-526.099609,291.238892)"
"(247.0, 428.0)","(1044.0, 430.0)","(567.3499755859375, -528.4072875976562, 291.6355895996094)","(249.23, 431.55)","(1034.56, 436.63)","(566.890503,-526.285339,291.347137)"
"(245.0, 431.0)","(1045.0, 430.0)","(567.1210327148438, -528.5083618164062, 291.72467041015625)","(247.55, 431.4)","(1035.17, 437.02)","(566.590759,-526.530823,291.160980)"
"(245.0, 428.0)","(1046.0, 430.0)","(567.15380859375, -528.8703002929688, 291.52911376953125)","(246.07, 431.25)","(1038.41, 436.82)","(566.673218,-527.113403,291.195892)"
"(243.0, 430.0)","(1048.0, 430.0)","(567.0242309570312, -529.172607421875, 291.5975036621094)","(244.4, 431.14)","(1039.34, 437.0)","(566.413513,-527.407532,291.042725)"
"(242.0, 431.0)","(1049.0, 430.0)","(566.9592895507812, -529.3238525390625, 291.6316223144531)","(243.32, 431.26)","(1042.09, 436.86)","(566.531616,-527.860413,291.113159)"
"(240.0, 431.0)","(1051.0, 430.0)","(566.7615356445312, -529.786376953125, 291.5243835449219)","(240.78, 431.25)","(1043.04, 437.12)","(566.078064,-528.239319,290.862518)"
"(238.0, 430.0)","(1053.0, 430.0)","(566.52880859375, -530.3289794921875, 291.3288269042969)","(240.55, 430.13)","(1042.96, 437.36)","(565.983093,-528.328796,290.723633)"
"(237.0, 430.0)","(1055.0, 430.0)","(566.5615234375, -530.6812133789062, 291.3412780761719)","(239.12, 429.91)","(1043.8, 437.75)","(565.767273,-528.580139,290.575653)"
"(234.0, 427.0)","(1055.0, 430.0)","(565.7609252929688, -531.251953125, 290.71453857421875)","(237.17, 430.16)","(1046.63, 437.52)","(565.694580,-529.133850,290.560272)"
"(234.0, 427.0)","(1056.0, 431.0)","(565.9194946289062, -531.3065185546875, 290.74688720703125)","(236.24, 429.91)","(1048.39, 437.47)","(565.703003,-529.473267,290.545685)"
"(233.0, 428.0)","(1057.0, 431.0)","(565.8533325195312, -531.4572143554688, 290.7805480957031)","(234.31, 430.44)","(1050.43, 437.68)","(565.549744,-529.876831,290.488678)"
"(232.0, 427.0)","(1057.0, 431.0)","(565.5859375, -531.6475219726562, 290.57135009765625)","(232.26, 430.57)","(1050.11, 438.2)","(565.050293,-530.018860,290.214325)"
"(231.0, 428.0)","(1061.0, 430.0)","(565.8883666992188, -532.2273559570312, 290.8372802734375)","(231.83, 429.2)","(1051.05, 438.38)","(565.032776,-530.278198,290.098816)"
"(230.0, 427.0)","(1064.0, 431.0)","(566.0419311523438, -532.7139892578125, 290.7920837402344)","(230.75, 429.07)","(1053.82, 437.79)","(565.127869,-530.782593,290.161224)"
"(230.0, 432.0)","(1063.0, 431.0)","(566.0849609375, -532.1923217773438, 291.1683349609375)","(229.22, 429.56)","(1055.92, 437.8)","(565.066711,-531.165466,290.158661)"
"(229.0, 428.0)","(1065.0, 431.0)","(565.97509765625, -532.8645629882812, 290.82550048828125)","(228.03, 429.09)","(1057.07, 437.79)","(564.924927,-531.474121,290.050140)"
"(226.0, 428.0)","(1066.0, 431.0)","(565.4053344726562, -533.3147583007812, 290.52728271484375)","(225.73, 429.15)","(1059.63, 437.43)","(564.718933,-532.056213,289.959045)"
"(223.0, 428.0)","(1068.0, 431.0)","(564.9659423828125, -533.8856811523438, 290.2944641113281)","(224.27, 429.68)","(1060.02, 437.65)","(564.454590,-532.206909,289.847595)"
"(223.0, 426.0)","(1070.0, 431.0)","(565.1565551757812, -534.2876586914062, 290.24786376953125)","(223.91, 428.27)","(1058.8, 439.38)","(564.207642,-532.097473,289.540680)"
"(222.0, 427.0)","(1074.0, 431.0)","(565.4811401367188, -534.7999267578125, 290.477783203125)","(222.82, 428.15)","(1060.83, 439.45)","(564.217896,-532.468079,289.529755)"
"(217.0, 423.0)","(1075.0, 431.0)","(564.2929077148438, -535.7901000976562, 289.5757141113281)","(219.58, 427.12)","(1065.86, 439.7)","(564.091064,-533.499084,289.368683)"
"(215.0, 427.0)","(1077.0, 434.0)","(564.3107299804688, -535.7320556640625, 289.7205505371094)","(216.52, 427.21)","(1066.83, 440.12)","(563.517151,-533.917847,289.055115)"
"(212.0, 426.0)","(1079.0, 436.0)","(563.884033203125, -536.2511596679688, 289.32904052734375)","(214.61, 426.75)","(1072.19, 439.58)","(563.737549,-534.847778,289.150970)"
"(212.0, 426.0)","(1082.0, 434.0)","(564.2178344726562, -536.7435913085938, 289.59033203125)","(211.56, 426.78)","(1073.96, 439.56)","(563.252930,-535.395264,288.898712)"
"(207.0, 426.0)","(1085.0, 435.0)","(563.4549560546875, -537.5869750976562, 289.1400451660156)","(208.02, 427.1)","(1077.9, 439.1)","(562.931519,-536.263489,288.767548)"
